{"model_name": "LinearRegression", "mse": 88621511065206.44, "mae": 7008923.4995263, "r2": 0.44319285908877737, "r2_train": 0.601542509937875}