{"model_name": "LinearRegression", "mse": 64073758301619.93, "mae": 4849429.941546735, "r2": 0.8404588910260014, "r2_train": 0.7954416872239174}